{
  "metadata": {
    "name": "Râu Đen",
    "author": "dat-bi",
    "version": 9,
    "source": "https://shop.vietstarhp.com/",
    "regexp": "shop.vietstarhp.com/site/.*?/.*?",
    "description": "Đọc truyện trên trang https://shop.vietstarhp.com",
    "locale": "zh_CN",
    "language": "javascript",
    "type": "chinese_novel"
  },
  "script": {
    "home": "home.js",
    "detail": "detail.js",
    "toc": "toc.js",
    "search": "search.js",
    "chap": "chap.js"
  }
}